﻿<?xml version="1.0" encoding="utf-8"?>
<settings>
  <comport>COM3</comport>
  <baudrate>9600</baudrate>
  <CaptureEvery>false</CaptureEvery>
  <CaptureCycles>0</CaptureCycles>
  <color>10</color>
  <minimized>false</minimized>
  <mode>True-Cinema +Expansion</mode>
  <controller>v1 v2</controller>
  <showoutput>false</showoutput>
  <expand>2</expand>
  <maxmultiply>5</maxmultiply>
  <ProgressiveThreshold>false</ProgressiveThreshold>
  <QuantizeLevel>1</QuantizeLevel>
  <DarknessThreshold>0</DarknessThreshold>
  <RedLeft>255</RedLeft>
  <RedTop>255</RedTop>
  <RedRight>255</RedRight>
  <GreenLeft>192</GreenLeft>
  <GreenTop>192</GreenTop>
  <GreenRight>192</GreenRight>
  <BlueLeft>255</BlueLeft>
  <BlueTop>255</BlueTop>
  <BlueRight>255</BlueRight>
  <RedLeftOnExit>1</RedLeftOnExit>
  <RedTopOnExit>1</RedTopOnExit>
  <RedRightOnExit>1</RedRightOnExit>
  <GreenLeftOnExit>3</GreenLeftOnExit>
  <GreenTopOnExit>3</GreenTopOnExit>
  <GreenRightOnExit>3</GreenRightOnExit>
  <BlueLeftOnExit>6</BlueLeftOnExit>
  <BlueTopOnExit>6</BlueTopOnExit>
  <BlueRightOnExit>6</BlueRightOnExit>
  <LeftScanBegin>0</LeftScanBegin>
  <LeftScanEnd>20</LeftScanEnd>
  <TopScanBegin>15</TopScanBegin>
  <TopScanEnd>22</TopScanEnd>
  <RightScanBegin>80</RightScanBegin>
  <RightScanEnd>100</RightScanEnd>
  <Interval>8</Interval>
  <Display>0</Display>
  <AggressiveThreshold>128</AggressiveThreshold>
  <MaxSmoothRadius>8</MaxSmoothRadius>
  <MinSmoothRadius>8</MinSmoothRadius>
  <DynamicSmoothRadius>true</DynamicSmoothRadius>
  <DynamicControl>(HSL)HSB.Brightness</DynamicControl>
  <SlideDelay>1</SlideDelay>
  <DivideLevel>64</DivideLevel>
  <OffsetLevel>1</OffsetLevel>
  <AutoEnable>true</AutoEnable>
  <ProcessName>mpc-hc|winamp|XBMC|ehshell|wmplayer</ProcessName>
  <enabled>false</enabled>
  <RedLeftOnStart>255</RedLeftOnStart>
  <RedTopOnStart>255</RedTopOnStart>
  <RedRightOnStart>255</RedRightOnStart>
  <GreenLeftOnStart>255</GreenLeftOnStart>
  <GreenTopOnStart>255</GreenTopOnStart>
  <GreenRightOnStart>255</GreenRightOnStart>
  <BlueLeftOnStart>255</BlueLeftOnStart>
  <BlueTopOnStart>255</BlueTopOnStart>
  <BlueRightOnStart>255</BlueRightOnStart>
  <GammaLevel>50</GammaLevel>
  <GammaEvent>2</GammaEvent>
  <DarknessLimit>0</DarknessLimit>
  <DarknessLimitMethod>HSV</DarknessLimitMethod>
</settings>